{"cameraMode":{"drawMode":0,"name":"Shaded","section":"Shading Mode"},"sceneLighting":true,"audioPlay":false,"sceneViewState":{"showFog":true,"showMaterialUpdate":true,"showSkybox":true,"showFlares":true,"showImageEffects":true,"showParticleSystems":true},"in2DMode":false,"pivot":{"x":-3.5534024238586427,"y":-7.72086238861084,"z":15.69831657409668},"rotation":{"x":-0.2091560810804367,"y":0.09866960346698761,"z":-0.021217426285147668,"w":-0.9726604223251343},"size":23.16576385498047,"orthographic":false}