{"cameraMode":{"drawMode":0,"name":"Shaded","section":"Shading Mode"},"sceneLighting":true,"audioPlay":false,"sceneViewState":{"showFog":true,"showMaterialUpdate":false,"showSkybox":true,"showFlares":true,"showImageEffects":true,"showParticleSystems":true},"in2DMode":false,"pivot":{"x":-3.020357131958008,"y":-8.06596565246582,"z":15.64874267578125},"rotation":{"x":-0.2091560810804367,"y":0.09866960346698761,"z":-0.021217426285147668,"w":-0.9726604223251343},"size":28.478485107421876,"orthographic":false}